airport_id,airport_name,airport_city,airport_country,iata,icao,latitude,longitude,altitude,timezone,dst,tz,type,source
3262,"Bintulu Airport",Bintulu,Malaysia,BTU,WBGB,3.12385010719,113.019996643,74,8,N,Asia/Kuala_Lumpur,airport,OurAirports
3263,"Kuching International Airport",Kuching,Malaysia,KCH,WBGG,1.4846999645233154,110.34700012207031,89,8,N,Asia/Kuala_Lumpur,airport,OurAirports
3264,"Limbang Airport",Limbang,Malaysia,LMN,WBGJ,4.808300018310547,115.01000213623047,14,8,N,Asia/Kuala_Lumpur,airport,OurAirports
3265,"Marudi Airport",Marudi,Malaysia,MUR,WBGM,4.178979873657227,114.3290023803711,103,8,N,Asia/Kuala_Lumpur,airport,OurAirports
3266,"Miri Airport",Miri,Malaysia,MYY,WBGR,4.322010040283203,113.98699951171875,59,8,N,Asia/Kuala_Lumpur,airport,OurAirports
3267,"Sibu Airport",Sibu,Malaysia,SBW,WBGS,2.2616000175476074,111.98500061035156,122,8,N,Asia/Kuala_Lumpur,airport,OurAirports
3268,"Lahad Datu Airport","Lahad Datu",Malaysia,LDU,WBKD,5.032249927520752,118.3239974975586,45,8,N,Asia/Kuala_Lumpur,airport,OurAirports
3269,"Kota Kinabalu International Airport","Kota Kinabalu",Malaysia,BKI,WBKK,5.9372100830078125,116.0510025024414,10,8,N,Asia/Kuala_Lumpur,airport,OurAirports
3270,"Labuan Airport",Labuan,Malaysia,LBU,WBKL,5.300680160522461,115.25,101,8,N,Asia/Kuala_Lumpur,airport,OurAirports
3271,"Tawau Airport",Tawau,Malaysia,TWU,WBKW,4.320159912109375,118.12799835205078,57,8,N,Asia/Kuala_Lumpur,airport,OurAirports
3295,"Kluang Airport",Kluang,Malaysia,\N,WMAP,2.04138994217,103.306999207,150,8,N,Asia/Kuala_Lumpur,airport,OurAirports
3296,"Sultan Abdul Halim Airport","Alor Setar",Malaysia,AOR,WMKA,6.189670085906982,100.39800262451172,15,8,N,Asia/Kuala_Lumpur,airport,OurAirports
3297,"Butterworth Airport",Butterworth,Malaysia,BWH,WMKB,5.4659199714660645,100.39099884033203,11,8,N,Asia/Kuala_Lumpur,airport,OurAirports
3298,"Sultan Ismail Petra Airport","Kota Bahru",Malaysia,KBR,WMKC,6.1668500900268555,102.29299926757812,16,8,N,Asia/Kuala_Lumpur,airport,OurAirports
3299,"Kuantan Airport",Kuantan,Malaysia,KUA,WMKD,3.7753899097442627,103.20899963378906,58,8,N,Asia/Kuala_Lumpur,airport,OurAirports
3300,"Kerteh Airport",Kerteh,Malaysia,KTE,WMKE,4.537220001220703,103.427001953125,18,8,N,Asia/Kuala_Lumpur,airport,OurAirports
3301,"Simpang Airport",Simpang,Malaysia,\N,WMKF,3.1122500896453857,101.7030029296875,111,8,N,Asia/Kuala_Lumpur,airport,OurAirports
3302,"Sultan Azlan Shah Airport",Ipoh,Malaysia,IPH,WMKI,4.567969799041748,101.09200286865234,130,8,N,Asia/Kuala_Lumpur,airport,OurAirports
3303,"Senai International Airport","Johor Bahru",Malaysia,JHB,WMKJ,1.64131,103.669998,135,8,N,Asia/Kuala_Lumpur,airport,OurAirports
3304,"Kuala Lumpur International Airport","Kuala Lumpur",Malaysia,KUL,WMKK,2.745579957962,101.70999908447,69,8,N,Asia/Kuala_Lumpur,airport,OurAirports
3305,"Langkawi International Airport",Langkawi,Malaysia,LGK,WMKL,6.329730033874512,99.72869873046875,29,8,N,Asia/Kuala_Lumpur,airport,OurAirports
3306,"Malacca Airport",Malacca,Malaysia,MKZ,WMKM,2.2633600235,102.251998901,35,8,N,Asia/Kuala_Lumpur,airport,OurAirports
3307,"Sultan Mahmud Airport","Kuala Terengganu",Malaysia,TGG,WMKN,5.3826398849487305,103.10299682617188,21,8,N,Asia/Kuala_Lumpur,airport,OurAirports
3308,"Penang International Airport",Penang,Malaysia,PEN,WMKP,5.297140121459961,100.2770004272461,11,8,N,Asia/Kuala_Lumpur,airport,OurAirports
3407,"Pulau Tioman Airport",Tioman,Malaysia,TOD,WMBT,2.8181800842285156,104.16000366210938,15,8,N,Asia/Kuala_Lumpur,airport,OurAirports
3408,"Sultan Abdul Aziz Shah International Airport","Kuala Lumpur",Malaysia,SZB,WMSA,3.130579948425293,101.54900360107422,90,8,N,Asia/Kuala_Lumpur,airport,OurAirports
4013,"LTS Pulau Redang Airport",Redang,Malaysia,RDN,WMPR,5.765279769897461,103.00700378417969,36,8,N,Asia/Kuala_Lumpur,airport,OurAirports
4056,"Mulu Airport",Mulu,Malaysia,MZV,WBMU,4.048329830169678,114.80500030517578,80,8,N,Asia/Kuala_Lumpur,airport,OurAirports
4141,"Sandakan Airport",Sandakan,Malaysia,SDK,WBKS,5.900899887084961,118.05899810791016,46,8,N,Asia/Kuala_Lumpur,airport,OurAirports
6214,"Belaga Airport",Belaga,Malaysia,BLG,WBGC,2.65000009537,113.766998291,200,8,N,Asia/Kuala_Lumpur,airport,OurAirports
6215,"Long Lellang Airport","Long Datih",Malaysia,LGL,WBGF,3.4210000038099997,115.153999329,1400,8,N,Asia/Kuala_Lumpur,airport,OurAirports
6216,"Long Seridan Airport","Long Seridan",Malaysia,ODN,WBGI,3.9670000076293945,115.05000305175781,607,8,N,Asia/Kuala_Lumpur,airport,OurAirports
6217,"Mukah Airport",Mukah,Malaysia,MKM,WBGK,2.90639,112.080002,13,8,N,Asia/Kuala_Lumpur,airport,OurAirports
6218,"Bakalalan Airport",Bakalalan,Malaysia,BKM,WBGQ,3.9739999771118164,115.61799621582031,2900,8,N,Asia/Kuala_Lumpur,airport,OurAirports
6219,"Lawas Airport",Lawas,Malaysia,LWY,WBGW,4.84917,115.407997,5,8,N,Asia/Kuala_Lumpur,airport,OurAirports
6220,"Bario Airport",Bario,Malaysia,BBN,WBGZ,3.7338900566101074,115.47899627685547,3350,8,N,Asia/Kuala_Lumpur,airport,OurAirports
6221,"Tomanggong Airport",Tomanggong,Malaysia,TMG,WBKM,5.40257,118.65763,26,8,N,Asia/Kuala_Lumpur,airport,OurAirports
6222,"Kudat Airport",Kudat,Malaysia,KUD,WBKT,6.922500133514404,116.83599853515625,10,8,N,Asia/Kuala_Lumpur,airport,OurAirports
6230,"Pulau Pangkor Airport","Pangkor Island",Malaysia,PKG,WMPA,4.244719982147217,100.5530014038086,19,8,N,Asia/Kuala_Lumpur,airport,OurAirports
6769,"Long Akah Airport","Long Akah",Malaysia,LKH,WBGL,3.299999952316284,114.78299713134766,289,8,N,Asia/Kuala_Lumpur,airport,OurAirports
